{"$schema":"http://schema.management.azure.com/schemas/2015-01-01/deploymentTemplate.json#","contentVersion":"1.0.0.0","parameters":{"factoryName":{"type":"string","metadata":"Data Factory name"},"ls_SQL_Server_onprem_SIS":{"type":"string"},"ls_ADLS_sasponte":{"type":"string"}},"variables":{"factoryId":"[concat('Microsoft.DataFactory/factories/', parameters('factoryName'))]"},"resources":[{"name":"[concat(parameters('factoryName'), '/Metadata Driven Pipeline')]","type":"Microsoft.DataFactory/factories/pipelines","apiVersion":"2018-06-01","properties":{"description":"Metadata Driven Pipeline","activities":[{"name":"metadata","type":"Lookup","dependsOn":[],"policy":{"timeout":"7.00:00:00","retry":0,"retryIntervalInSeconds":30,"secureOutput":false,"secureInput":false},"userProperties":[],"typeProperties":{"source":{"type":"SqlServerSource","queryTimeout":"02:00:00","partitionOption":"None"},"dataset":{"referenceName":"ds_SQL_Server_onprem","type":"DatasetReference","parameters":{"ConnectionString":{"value":"@pipeline().parameters.ConnectionString","type":"Expression"},"SchemaName":"metadata","TableName":"raw_enrollment"}},"firstRowOnly":false}},{"name":"ForEach row of metadata","type":"ForEach","dependsOn":[{"activity":"metadata","dependencyConditions":["Succeeded"]}],"userProperties":[],"typeProperties":{"items":{"value":"@activity('metadata').output.value","type":"Expression"},"activities":[{"name":"On-premise SQL to Azure Data Lake","type":"Copy","dependsOn":[],"policy":{"timeout":"7.00:00:00","retry":0,"retryIntervalInSeconds":30,"secureOutput":false,"secureInput":false},"userProperties":[],"typeProperties":{"source":{"type":"SqlServerSource","sqlReaderQuery":{"value":"@item().SQLStatement","type":"Expression"},"queryTimeout":"02:00:00","partitionOption":"None"},"sink":{"type":"ParquetSink","storeSettings":{"type":"AzureBlobFSWriteSettings"},"formatSettings":{"type":"ParquetWriteSettings"}},"enableStaging":false,"translator":{"type":"TabularTranslator","typeConversion":true,"typeConversionSettings":{"allowDataTruncation":true,"treatBooleanAsNumber":false}}},"inputs":[{"referenceName":"ds_SQL_Server_onprem","type":"DatasetReference","parameters":{"ConnectionString":{"value":"@pipeline().parameters.ConnectionString","type":"Expression"},"SchemaName":"INFORMATION_SCHEMA","TableName":"tables"}}],"outputs":[{"referenceName":"ds_Parquet_sasponte","type":"DatasetReference","parameters":{"URL":{"value":"@pipeline().parameters.URL","type":"Expression"},"SecretName":{"value":"@pipeline().parameters.SecretName","type":"Expression"},"FileSystem":{"value":"@item().FileSystem","type":"Expression"},"Directory":"@item().Directory","File":"@concat(item().File,item().FileType)"}}]}]}}],"parameters":{"ConnectionString":{"type":"string","defaultValue":"dev-Enrollment-DW-cs"},"URL":{"type":"string","defaultValue":"https://saspontedev.dfs.core.windows.net"},"SecretName":{"type":"string","defaultValue":"saspontedev-ak"}},"folder":{"name":"ADF Workshop"},"annotations":[],"lastPublishTime":"2021-01-03T20:19:37Z"},"dependsOn":["[concat(variables('factoryId'), '/datasets/ds_SQL_Server_onprem')]","[concat(variables('factoryId'), '/datasets/ds_Parquet_sasponte')]"]},{"name":"[concat(parameters('factoryName'), '/ds_SQL_Server_onprem')]","type":"Microsoft.DataFactory/factories/datasets","apiVersion":"2018-06-01","properties":{"linkedServiceName":{"referenceName":"[parameters('ls_SQL_Server_onprem_SIS')]","type":"LinkedServiceReference","parameters":{"ConnectionString":{"value":"@dataset().ConnectionString","type":"Expression"}}},"parameters":{"ConnectionString":{"type":"string","defaultValue":"dev-Enrollment-DW-cs"},"SchemaName":{"type":"string","defaultValue":"INFORMATION_SCHEMA"},"TableName":{"type":"string","defaultValue":"tables"}},"annotations":[],"type":"SqlServerTable","schema":[],"typeProperties":{"schema":{"value":"@dataset().SchemaName","type":"Expression"},"table":{"value":"@dataset().TableName","type":"Expression"}}},"dependsOn":[]},{"name":"[concat(parameters('factoryName'), '/ds_Parquet_sasponte')]","type":"Microsoft.DataFactory/factories/datasets","apiVersion":"2018-06-01","properties":{"linkedServiceName":{"referenceName":"[parameters('ls_ADLS_sasponte')]","type":"LinkedServiceReference","parameters":{"URL":{"value":"@dataset().URL","type":"Expression"},"SecretName":{"value":"@dataset().SecretName","type":"Expression"}}},"parameters":{"URL":{"type":"string","defaultValue":"https://saspontedev.dfs.core.windows.net"},"SecretName":{"type":"string","defaultValue":"saspontedev-ak"},"FileSystem":{"type":"string","defaultValue":"raw"},"Directory":{"type":"string","defaultValue":"connection_test"},"File":{"type":"string","defaultValue":"file.parquet"}},"annotations":[],"type":"Parquet","typeProperties":{"location":{"type":"AzureBlobFSLocation","fileName":{"value":"@dataset().File","type":"Expression"},"folderPath":{"value":"@dataset().Directory","type":"Expression"},"fileSystem":{"value":"@dataset().FileSystem","type":"Expression"}},"compressionCodec":"snappy"},"schema":[]},"dependsOn":[]}]}